candidate_id,donor,state,condition,technical_replicate,adjusted_signal,qc_status
C17,D1,early,control,1,1.00,PASS
C17,D1,early,control,2,1.10,PASS
C17,D1,early,treatment,1,1.70,PASS
C17,D1,early,treatment,2,1.80,PASS
C17,D2,early,control,1,1.10,PASS
C17,D2,early,treatment,1,1.60,PASS
C17,D3,early,control,1,1.00,PASS
C17,D3,early,treatment,1,1.40,PASS
C17,D4,early,control,1,1.20,PASS
C17,D4,early,treatment,1,1.50,PASS
C17,D1,late,control,1,1.10,PASS
C17,D1,late,treatment,1,1.52,PASS
C17,D2,late,control,1,1.00,PASS
C17,D2,late,treatment,1,1.40,PASS
C17,D3,late,control,1,1.20,PASS
C17,D3,late,treatment,1,1.59,PASS
C17,D4,late,control,1,1.10,PASS
C17,D4,late,treatment,1,1.48,PASS
C28,D1,early,control,1,1.00,PASS
C28,D1,early,control,2,1.00,PASS
C28,D1,early,control,3,1.00,PASS
C28,D1,early,control,4,1.00,PASS
C28,D1,early,control,5,1.00,PASS
C28,D1,early,control,6,1.00,PASS
C28,D1,early,control,7,1.00,PASS
C28,D1,early,control,8,1.00,PASS
C28,D1,early,control,9,1.00,PASS
C28,D1,early,control,10,1.00,PASS
C28,D1,early,treatment,1,1.70,PASS
C28,D1,early,treatment,2,1.80,PASS
C28,D1,early,treatment,3,1.75,PASS
C28,D1,early,treatment,4,1.75,PASS
C28,D1,early,treatment,5,1.75,PASS
C28,D1,early,treatment,6,1.75,PASS
C28,D1,early,treatment,7,1.75,PASS
C28,D1,early,treatment,8,1.75,PASS
C28,D1,early,treatment,9,1.75,PASS
C28,D1,early,treatment,10,1.75,PASS
C28,D2,early,control,1,1.10,PASS
C28,D2,early,control,2,1.10,PASS
C28,D2,early,treatment,1,1.55,PASS
C28,D2,early,treatment,2,1.55,PASS
C28,D3,early,control,1,1.00,PASS
C28,D3,early,treatment,1,1.35,PASS
C28,D4,early,control,1,1.20,PASS
C28,D4,early,treatment,1,0.95,PASS
C28,D1,late,control,1,1.10,PASS
C28,D1,late,control,2,1.10,PASS
C28,D1,late,control,3,1.10,PASS
C28,D1,late,control,4,1.10,PASS
C28,D1,late,control,5,1.10,PASS
C28,D1,late,control,6,1.10,PASS
C28,D1,late,control,7,1.10,PASS
C28,D1,late,control,8,1.10,PASS
C28,D1,late,control,9,1.10,PASS
C28,D1,late,control,10,1.10,PASS
C28,D1,late,treatment,1,1.70,PASS
C28,D1,late,treatment,2,1.70,PASS
C28,D1,late,treatment,3,1.70,PASS
C28,D1,late,treatment,4,1.70,PASS
C28,D1,late,treatment,5,1.70,PASS
C28,D1,late,treatment,6,1.70,PASS
C28,D1,late,treatment,7,1.70,PASS
C28,D1,late,treatment,8,1.70,PASS
C28,D1,late,treatment,9,1.70,PASS
C28,D1,late,treatment,10,1.70,PASS
C28,D2,late,control,1,1.00,PASS
C28,D2,late,treatment,1,1.40,PASS
C28,D3,late,control,1,1.20,PASS
C28,D3,late,treatment,1,1.45,PASS
C28,D4,late,control,1,1.10,PASS
C28,D4,late,treatment,1,0.90,PASS
C43,D1,early,control,1,1.00,PASS
C43,D1,early,treatment,1,1.62,PASS
C43,D2,early,control,1,1.10,PASS
C43,D2,early,treatment,1,1.57,PASS
C43,D3,early,control,1,1.00,PASS
C43,D3,early,treatment,1,1.42,PASS
C43,D4,early,control,1,1.20,PASS
C43,D4,early,treatment,1,1.54,PASS
C43,D1,late,control,1,1.10,PASS
C43,D1,late,treatment,1,1.68,PASS
C43,D2,late,control,1,1.00,PASS
C43,D2,late,treatment,1,1.35,PASS
C43,D3,late,control,1,1.20,PASS
C43,D3,late,treatment,1,1.52,PASS
C43,D4,late,control,1,1.10,PASS
C43,D4,late,treatment,1,,MISSING
C90,D1,early,control,1,1.00,PASS
C90,D1,early,treatment,1,2.00,PASS
