candidate_id,donor,state,condition,technical_replicate,adjusted_signal,qc_status
method_alpha,D1,early,control,1,1.00,PASS
method_alpha,D1,early,control,2,1.10,PASS
method_alpha,D1,early,treatment,1,1.70,PASS
method_alpha,D1,early,treatment,2,1.80,PASS
method_alpha,D2,early,control,1,1.10,PASS
method_alpha,D2,early,treatment,1,1.60,PASS
method_alpha,D3,early,control,1,1.00,PASS
method_alpha,D3,early,treatment,1,1.40,PASS
method_alpha,D4,early,control,1,1.20,PASS
method_alpha,D4,early,treatment,1,1.50,PASS
method_alpha,D1,late,control,1,1.10,PASS
method_alpha,D1,late,treatment,1,1.65,PASS
method_alpha,D2,late,control,1,1.00,PASS
method_alpha,D2,late,treatment,1,1.45,PASS
method_alpha,D3,late,control,1,1.20,PASS
method_alpha,D3,late,treatment,1,1.50,PASS
method_alpha,D4,late,control,1,1.10,PASS
method_alpha,D4,late,treatment,1,1.35,PASS
method_beta,D1,early,control,1,1.00,PASS
method_beta,D1,early,control,2,1.00,PASS
method_beta,D1,early,control,3,1.00,PASS
method_beta,D1,early,control,4,1.00,PASS
method_beta,D1,early,control,5,1.00,PASS
method_beta,D1,early,control,6,1.00,PASS
method_beta,D1,early,control,7,1.00,PASS
method_beta,D1,early,control,8,1.00,PASS
method_beta,D1,early,control,9,1.00,PASS
method_beta,D1,early,control,10,1.00,PASS
method_beta,D1,early,treatment,1,1.70,PASS
method_beta,D1,early,treatment,2,1.80,PASS
method_beta,D1,early,treatment,3,1.75,PASS
method_beta,D1,early,treatment,4,1.75,PASS
method_beta,D1,early,treatment,5,1.75,PASS
method_beta,D1,early,treatment,6,1.75,PASS
method_beta,D1,early,treatment,7,1.75,PASS
method_beta,D1,early,treatment,8,1.75,PASS
method_beta,D1,early,treatment,9,1.75,PASS
method_beta,D1,early,treatment,10,1.75,PASS
method_beta,D2,early,control,1,1.10,PASS
method_beta,D2,early,control,2,1.10,PASS
method_beta,D2,early,treatment,1,1.55,PASS
method_beta,D2,early,treatment,2,1.55,PASS
method_beta,D3,early,control,1,1.00,PASS
method_beta,D3,early,treatment,1,1.35,PASS
method_beta,D4,early,control,1,1.20,PASS
method_beta,D4,early,treatment,1,0.95,PASS
method_beta,D1,late,control,1,1.10,PASS
method_beta,D1,late,control,2,1.10,PASS
method_beta,D1,late,control,3,1.10,PASS
method_beta,D1,late,control,4,1.10,PASS
method_beta,D1,late,control,5,1.10,PASS
method_beta,D1,late,control,6,1.10,PASS
method_beta,D1,late,control,7,1.10,PASS
method_beta,D1,late,control,8,1.10,PASS
method_beta,D1,late,control,9,1.10,PASS
method_beta,D1,late,control,10,1.10,PASS
method_beta,D1,late,treatment,1,1.70,PASS
method_beta,D1,late,treatment,2,1.70,PASS
method_beta,D1,late,treatment,3,1.70,PASS
method_beta,D1,late,treatment,4,1.70,PASS
method_beta,D1,late,treatment,5,1.70,PASS
method_beta,D1,late,treatment,6,1.70,PASS
method_beta,D1,late,treatment,7,1.70,PASS
method_beta,D1,late,treatment,8,1.70,PASS
method_beta,D1,late,treatment,9,1.70,PASS
method_beta,D1,late,treatment,10,1.70,PASS
method_beta,D2,late,control,1,1.00,PASS
method_beta,D2,late,treatment,1,1.40,PASS
method_beta,D3,late,control,1,1.20,PASS
method_beta,D3,late,treatment,1,1.45,PASS
method_beta,D4,late,control,1,1.10,PASS
method_beta,D4,late,treatment,1,0.90,PASS
method_gamma,D1,early,control,1,1.00,PASS
method_gamma,D1,early,treatment,1,1.62,PASS
method_gamma,D2,early,control,1,1.10,PASS
method_gamma,D2,early,treatment,1,1.57,PASS
method_gamma,D3,early,control,1,1.00,PASS
method_gamma,D3,early,treatment,1,1.42,PASS
method_gamma,D4,early,control,1,1.20,PASS
method_gamma,D4,early,treatment,1,1.54,PASS
method_gamma,D1,late,control,1,1.10,PASS
method_gamma,D1,late,treatment,1,1.60,PASS
method_gamma,D2,late,control,1,1.00,PASS
method_gamma,D2,late,treatment,1,1.43,PASS
method_gamma,D3,late,control,1,1.20,PASS
method_gamma,D3,late,treatment,1,1.51,PASS
method_gamma,D4,late,control,1,1.10,PASS
method_gamma,D4,late,treatment,1,,MISSING
method_shadow,D1,early,control,1,1.00,PASS
method_shadow,D1,early,treatment,1,2.00,PASS
